D#res_id     ,elec_res   ,vdw_res    ,solv_AB_res,solv_A_res , - ,elec_ala   ,vdw_ala    ,solv_AB_ala,solv_A_ala 
D#SER A19    ,     3.6318,    -0.9238,    -3.4036,    -4.4436, | ,     2.4167,    -0.8400,    -2.1335,    -3.1735
D#GLN A24    ,     0.3767,    -1.7267,    -1.8006,    -2.4184, | ,    -0.1379,    -2.2663,     0.0075,     0.1122
D#THR A27    ,    -0.0266,    -6.4291,    -0.7248,     0.3872, | ,     1.2623,    -3.2416,     0.0444,     0.1200
D#PHE A28    ,    -0.0999,    -3.3071,     0.5986,     1.6252, | ,    -0.0112,    -1.9429,    -0.0005,     0.0182
D#ASP A30    ,    -2.7963,    -1.5358,    -1.8000,    -3.3357, | ,    -0.8539,     0.9669,    -0.0448,     0.0908
D#LYS A31    ,     4.9173,    -8.2069,    -2.2030,    -1.5507, | ,     0.1407,    -3.1928,     0.0038,     0.2487
D#HIE A34    ,    -0.0567,    -2.5958,    -1.8016,    -2.7625, | ,     0.1350,    -2.0718,    -0.1024,     0.2772
D#GLU A35    ,    -3.9023,    -0.9008,    -1.8210,    -2.8108, | ,    -0.4196,    -0.7045,     0.0124,    -0.0230
D#GLU A37    ,    -4.5615,    -2.6018,    -0.8279,    -1.4683, | ,    -0.4267,    -0.5031,     0.0775,     0.0775
D#ASP A38    ,    -3.3145,    -2.5945,    -0.6635,    -2.3447, | ,    -0.8360,    -1.0974,     0.2275,     0.2275
D#TYR A41    ,    -0.1969,    -5.8972,     0.0000,     1.5778, | ,     0.1175,    -0.6276,     0.0000,     0.0000
D#GLN A42    ,     0.2662,    -2.8827,    -1.2924,    -6.1210, | ,     0.0139,    -0.5063,     0.1565,     0.1565
D#LEU A45    ,     0.0514,    -1.9649,     0.4812,     0.9568, | ,    -0.3141,    -0.3286,     0.0229,     0.0229
D#LEU A79    ,     0.0426,    -2.1463,     0.6936,     1.1452, | ,    -0.2538,    -0.8501,     0.0000,    -0.0060
D#MET A82    ,     0.0081,    -1.4779,     1.2067,     1.6147, | ,     0.1289,     0.0026,    -0.2765,    -0.2695
D#TYR A83    ,    -0.2630,    -3.7501,     0.2354,     0.4332, | ,     0.0602,    -0.3334,    -0.0091,    -0.0091
D#ASN A330   ,     0.0794,    -2.1726,    -0.8447,    -3.2533, | ,    -0.1332,    -0.4241,    -0.0466,    -0.0466
D#LYS A353   ,     5.0168,   -10.8107,    -0.9065,    -2.1240, | ,     1.1792,    -4.8880,    -0.2296,    -0.4307
D#GLY A354   ,     2.5568,    -3.4890,    -0.3888,    -1.1251, | ,     2.5568,    -3.4890,    -0.3888,    -1.1251
D#ASP A355   ,    -4.0799,    -4.2521,     0.0160,     0.1359, | ,    -0.6167,    -2.3747,     0.0522,     0.2039
D#ARG A357   ,     3.8291,    -1.4922,    -0.5031,    -1.2717, | ,     0.0937,    -0.0703,     0.0000,     0.0000
D#ARG A393   ,     4.2407,    -0.7127,    -1.3097,    -1.9761, | ,     0.1090,    -0.0305,    -0.3015,    -0.3015
D#LYS E417   ,     4.3304,    -2.0316,    -0.6818,    -1.6563, | ,     0.1365,    -0.1819,    -0.2513,    -0.2513
D#VAL E445   ,    -0.0673,    -0.8501,     1.4835,     1.3114, | ,     0.3565,    -0.5617,    -0.4007,    -0.6195
D#GLY E446   ,     2.1444,    -1.0214,    -0.5570,    -0.8702, | ,     2.1444,    -1.0214,    -0.5570,    -0.8702
D#GLY E447   ,     2.1237,    -0.5682,    -0.1629,    -0.1629, | ,     2.1237,    -0.5682,    -0.1629,    -0.1629
D#TYR E449   ,     0.7915,    -1.6169,     5.3977,     5.4305, | ,     0.0407,    -0.1484,    -0.1937,    -0.1937
D#TYR E453   ,    -0.0029,     2.2425,     0.6079,    -0.0878, | ,     0.0220,    -0.1200,     0.0000,     0.0000
D#LEU E455   ,    -0.0940,    -5.9785,     0.0000,     0.7978, | ,    -0.3859,    -0.8490,     0.0000,     0.0000
D#PHE E456   ,     0.0500,    -2.5500,     0.7596,     5.9044, | ,     0.0201,    -0.4205,     0.0020,     0.0020
D#TYR E473   ,    -0.0269,    -1.2325,    -0.0890,     0.6358, | ,     0.0206,    -0.2156,     0.0611,     0.0611
D#ALA E475   ,     0.2987,    -2.8421,    -0.1894,    -0.5997, | ,     0.2987,    -2.8421,    -0.1894,    -0.5997
D#GLY E476   ,     1.5222,    -1.5278,    -0.1834,     0.0109, | ,     1.5222,    -1.5278,    -0.1834,     0.0109
D#GLU E484   ,    -1.8500,    -0.7157,    -3.7303,    -4.6482, | ,    -0.2302,    -0.1823,    -0.8705,    -0.8705
D#PHE E486   ,     0.1236,    -7.1357,     3.5445,    13.0140, | ,     0.0838,    -1.4388,    -0.9587,    -0.9424
D#ASN E487   ,     0.1471,    -0.0849,    -0.7455,    -3.8755, | ,    -0.0723,    -1.5283,    -0.1211,    -0.1871
D#TYR E489   ,    -0.2085,    -8.5529,     1.8179,     5.2415, | ,    -0.0198,    -0.8666,     0.0000,     0.0870
D#GLN E493   ,     0.7187,    -2.7396,    -2.3992,    -6.7362, | ,     0.0835,    -0.7700,     0.0148,     0.0148
D#GLY E496   ,     1.9961,    -2.2192,    -0.6179,    -1.5177, | ,     1.9961,    -2.2192,    -0.6179,    -1.5177
D#GLN E498   ,     0.2629,    -6.3809,     0.0177,    -3.8451, | ,    -0.0214,    -1.6999,     0.0110,     0.0381
D#THR E500   ,    -0.1518,    -6.7583,     0.5307,    -0.0240, | ,     1.0248,    -5.6889,     0.0084,    -0.3370
D#ASN E501   ,    -0.0860,    -8.0521,    -0.1545,    -0.8729, | ,    -0.0129,    -4.6110,    -0.1328,     0.0068
D#GLY E502   ,     2.2532,    -1.8810,     0.2280,    -0.9007, | ,     2.2532,    -1.8810,     0.2280,    -0.9007
D#TYR E505   ,    -0.0190,    -9.6222,     1.6338,     7.2668, | ,     0.0743,    -2.0481,    -0.0345,    -0.0139
